id,full_name,nationality,date_of_birth,rider_role,source_url,data_confidence,created_at,updated_at
1b78ea0c-a9c2-5ab1-b8cb-7c095a24b29d,Tadej Pogačar,SLO,,unknown,https://www.letour.fr/en/rider/1/uae-team-emirates-xrg/tadej-pogacar,high,2026-06-30T00:00:00Z,2026-07-05T00:00:00Z
71e4df35-c770-59ab-b002-ec413c86c658,Isaac del Toro,MEX,,unknown,https://www.letour.fr/en/rider/2/uae-team-emirates-xrg/isaac-del-toro-romero,high,2026-06-30T00:00:00Z,2026-07-05T00:00:00Z
0d81c852-2151-51b9-897e-69d0575e61e8,Felix Grossschartner,AUT,,unknown,https://www.letour.fr/en/rider/3/uae-team-emirates-xrg/felix-grossschartner,high,2026-06-30T00:00:00Z,2026-07-05T00:00:00Z
16beca97-2676-5565-b861-cc9a53653a68,Brandon McNulty,USA,,unknown,https://www.letour.fr/en/rider/4/uae-team-emirates-xrg/brandon-mcnulty,high,2026-06-30T00:00:00Z,2026-07-05T00:00:00Z
3e4b7099-efc9-53a4-9872-cb31f992b5d4,Nils Politt,GER,,unknown,https://www.letour.fr/en/rider/5/uae-team-emirates-xrg/nils-politt,high,2026-06-30T00:00:00Z,2026-07-05T00:00:00Z
53808b47-d1f1-5bf4-a0b0-0dd410380e75,Florian Vermeersch,BEL,,unknown,https://www.letour.fr/en/rider/6/uae-team-emirates-xrg/florian-vermeersch,high,2026-06-30T00:00:00Z,2026-07-05T00:00:00Z
c8fed61c-3646-5e30-aabb-4a2827ab0f24,Tim Wellens,BEL,,unknown,https://www.letour.fr/en/rider/7/uae-team-emirates-xrg/tim-wellens,high,2026-06-30T00:00:00Z,2026-07-05T00:00:00Z
630316fb-8ec4-5876-8ed5-f8e2be1b7ebb,Adam Yates,GBR,,unknown,https://www.letour.fr/en/rider/8/uae-team-emirates-xrg/adam-yates,high,2026-06-30T00:00:00Z,2026-07-05T00:00:00Z
b6aa6179-af5b-5fa2-998c-d53305a4f4c9,Jonas Vingegaard,DEN,,unknown,https://www.letour.fr/en/rider/11/team-visma-lease-a-bike/jonas-vingegaard-hansen,high,2026-06-30T00:00:00Z,2026-07-05T00:00:00Z
25c4f996-a7b1-5b3c-98d3-fd197dcc59aa,Edoardo Affini,ITA,,unknown,https://www.letour.fr/en/rider/12/team-visma-lease-a-bike/edoardo-affini,high,2026-06-30T00:00:00Z,2026-07-05T00:00:00Z
13ee15fc-cc6b-5f7a-ad91-0e5c0e305f70,Bruno Armirail,FRA,,unknown,https://www.letour.fr/en/rider/13/team-visma-lease-a-bike/bruno-armirail,high,2026-06-30T00:00:00Z,2026-07-05T00:00:00Z
9b78a863-9ebb-5254-84b2-bdd445d7a037,Victor Campenaerts,BEL,,unknown,https://www.letour.fr/en/rider/14/team-visma-lease-a-bike/victor-campenaerts,high,2026-06-30T00:00:00Z,2026-07-05T00:00:00Z
8b6b639d-de4d-5212-957d-dcdf720196c0,Per Strand Hagenes,NOR,,unknown,https://www.letour.fr/en/rider/15/team-visma-lease-a-bike/per-strand-hagenes,high,2026-06-30T00:00:00Z,2026-07-05T00:00:00Z
51dcff22-a00e-5656-af24-4c131546f341,Matteo Jorgenson,USA,,unknown,https://www.letour.fr/en/rider/16/team-visma-lease-a-bike/matteo-jorgenson,high,2026-06-30T00:00:00Z,2026-07-05T00:00:00Z
320a8abb-041c-5bdc-b165-4843b0ed77a3,Sepp Kuss,USA,,unknown,https://www.letour.fr/en/rider/17/team-visma-lease-a-bike/sepp-kuss,high,2026-06-30T00:00:00Z,2026-07-05T00:00:00Z
26d6b95b-514b-5c60-8078-05377e897809,Davide Piganzoli,ITA,,unknown,https://www.letour.fr/en/rider/18/team-visma-lease-a-bike/davide-piganzoli,high,2026-06-30T00:00:00Z,2026-07-05T00:00:00Z
e8f3e17f-c9c3-529d-a5b0-a5a3dbdb745b,Remco Evenepoel,BEL,,unknown,https://www.letour.fr/en/rider/21/red-bull-bora-hansgrohe/remco-evenepoel,high,2026-06-30T00:00:00Z,2026-07-05T00:00:00Z
4a0a4781-d7f6-5f52-9c72-8726416c0270,Mattia Cattaneo,ITA,,unknown,https://www.letour.fr/en/rider/22/red-bull-bora-hansgrohe/mattia-cattaneo,high,2026-06-30T00:00:00Z,2026-07-05T00:00:00Z
c1379c90-c95e-555d-a574-798c4a1d02ae,Nico Denz,GER,,unknown,https://www.letour.fr/en/rider/23/red-bull-bora-hansgrohe/nico-denz,high,2026-06-30T00:00:00Z,2026-07-05T00:00:00Z
e135ca37-cd80-57e1-b07f-d484f1328d38,Jai Hindley,AUS,,unknown,https://www.letour.fr/en/rider/24/red-bull-bora-hansgrohe/jai-hindley,high,2026-06-30T00:00:00Z,2026-07-05T00:00:00Z
8d198e7a-109f-5c70-ad01-7d25f05143e3,Florian Lipowitz,GER,,unknown,https://www.letour.fr/en/rider/25/red-bull-bora-hansgrohe/florian-lipowitz,high,2026-06-30T00:00:00Z,2026-07-05T00:00:00Z
9030eaad-77b9-5d8f-97f2-e273551db83d,Jan Tratnik,SLO,,unknown,https://www.letour.fr/en/rider/26/red-bull-bora-hansgrohe/jan-tratnik,high,2026-06-30T00:00:00Z,2026-07-05T00:00:00Z
b0e2ea92-177e-527d-9d55-6e723bf54601,Tim van Dijke,NED,,unknown,https://www.letour.fr/en/rider/27/red-bull-bora-hansgrohe/tim-van-dijke,high,2026-06-30T00:00:00Z,2026-07-05T00:00:00Z
64354697-56c9-501a-9cc5-ec56b1f4ab5f,Maxim Van Gils,BEL,,unknown,https://www.letour.fr/en/rider/28/red-bull-bora-hansgrohe/maxim-van-gils,high,2026-06-30T00:00:00Z,2026-07-05T00:00:00Z
19214a4f-1fa4-51fc-bd3b-7bf4984c9aa4,Juan Ayuso,ESP,,unknown,https://www.letour.fr/en/rider/31/lidl-trek/juan-ayuso-pesquera,high,2026-06-30T00:00:00Z,2026-07-05T00:00:00Z
8eab81d1-9a40-58fd-8e38-c775a767469a,Derek James Gee,CAN,,unknown,https://www.letour.fr/en/rider/32/lidl-trek/derek-james-gee,high,2026-06-30T00:00:00Z,2026-07-05T00:00:00Z
97f3320e-63f9-5b67-8cce-d2388db6c3c6,Mads Pedersen,DEN,,unknown,https://www.letour.fr/en/rider/33/lidl-trek/mads-pedersen,high,2026-06-30T00:00:00Z,2026-07-05T00:00:00Z
c6e3fb2e-4dab-5107-82d9-7ffd9c0a667e,Quinn Simmons,USA,,unknown,https://www.letour.fr/en/rider/34/lidl-trek/quinn-simmons,high,2026-06-30T00:00:00Z,2026-07-05T00:00:00Z
02c694eb-1507-5c67-a0a6-b799ab9fa035,Mattias Skjelmose,DEN,,unknown,https://www.letour.fr/en/rider/35/lidl-trek/mattias-skjelmose,high,2026-06-30T00:00:00Z,2026-07-05T00:00:00Z
565f110d-d7ad-5714-9406-51763964e3b9,Toms Skujiņš,LAT,,unknown,https://www.letour.fr/en/rider/36/lidl-trek/toms-skujins,high,2026-06-30T00:00:00Z,2026-07-05T00:00:00Z
d01e9ae3-faa8-5fcd-a403-e4c0d95db31e,Mathias Vacek,CZE,,unknown,https://www.letour.fr/en/rider/37/lidl-trek/mathias-vacek,high,2026-06-30T00:00:00Z,2026-07-05T00:00:00Z
0bc6c7e8-e703-59e1-92b1-68a38ed2b474,Carlos Verona,ESP,,unknown,https://www.letour.fr/en/rider/38/lidl-trek/carlos-verona-quintanilla,high,2026-06-30T00:00:00Z,2026-07-05T00:00:00Z
178d1fff-ca29-5f23-9c5f-5fa45e8c1d89,Richard Carapaz,ECU,,unknown,https://www.letour.fr/en/rider/41/ef-education-easypost/richard-carapaz,high,2026-06-30T00:00:00Z,2026-07-05T00:00:00Z
a3129470-14f7-5edb-be80-d87a948dca08,Kasper Asgreen,DEN,,unknown,https://www.letour.fr/en/rider/42/ef-education-easypost/kasper-asgreen,high,2026-06-30T00:00:00Z,2026-07-05T00:00:00Z
379c4cb7-33a2-5c8d-a774-db0204417ed9,Alex Baudin,FRA,,unknown,https://www.letour.fr/en/rider/43/ef-education-easypost/alex-baudin,high,2026-06-30T00:00:00Z,2026-07-05T00:00:00Z
336238ff-f0b4-5004-beff-2643f9123e13,Ben Healy,IRL,,unknown,https://www.letour.fr/en/rider/44/ef-education-easypost/ben-healy,high,2026-06-30T00:00:00Z,2026-07-05T00:00:00Z
7ab2721d-5582-5bb5-a876-a4d610da45e0,Sean Quinn,USA,,unknown,https://www.letour.fr/en/rider/45/ef-education-easypost/sean-quinn,high,2026-06-30T00:00:00Z,2026-07-05T00:00:00Z
8a4ecb70-c0aa-517c-90ef-68123f34328e,Georg Steinhauser,GER,,unknown,https://www.letour.fr/en/rider/46/ef-education-easypost/georg-steinhauser,high,2026-06-30T00:00:00Z,2026-07-05T00:00:00Z
93fe8fae-dbfd-536a-b12b-7a3abc54ff9a,Michael Valgren,DEN,,unknown,https://www.letour.fr/en/rider/47/ef-education-easypost/michael-valgren,high,2026-06-30T00:00:00Z,2026-07-05T00:00:00Z
1cc3588f-715e-5258-8452-6aed5b45d891,Max Walker,GBR,,unknown,https://www.letour.fr/en/rider/48/ef-education-easypost/max-walker,high,2026-06-30T00:00:00Z,2026-07-05T00:00:00Z
6f99ee46-4301-554d-9c0c-23a1e9c1d855,Paul Seixas,FRA,,unknown,https://www.letour.fr/en/rider/51/decathlon-cma-cgm-team/paul-seixas,high,2026-06-30T00:00:00Z,2026-07-05T00:00:00Z
fb02b43c-955b-5585-9c86-b8c870205a38,Tiesj Benoot,BEL,,unknown,https://www.letour.fr/en/rider/52/decathlon-cma-cgm-team/tiesj-benoot,high,2026-06-30T00:00:00Z,2026-07-05T00:00:00Z
8a09088c-10aa-513b-b74b-f95caecddcfb,Cees Bol,NED,,unknown,https://www.letour.fr/en/rider/53/decathlon-cma-cgm-team/cees-bol,high,2026-06-30T00:00:00Z,2026-07-05T00:00:00Z
227f4958-4c14-5f0b-82de-b9a9ee34bf62,Daan Hoole,NED,,unknown,https://www.letour.fr/en/rider/54/decathlon-cma-cgm-team/daan-hoole,high,2026-06-30T00:00:00Z,2026-07-05T00:00:00Z
c35edc9b-616f-520b-bfa8-1ab7f3144b21,Olav Kooij,NED,,unknown,https://www.letour.fr/en/rider/55/decathlon-cma-cgm-team/olav-kooij,high,2026-06-30T00:00:00Z,2026-07-05T00:00:00Z
7e3e0a1a-b054-5a40-9ce1-d637d7c469b6,Aurélien Paret Peintre,FRA,,unknown,https://www.letour.fr/en/rider/56/decathlon-cma-cgm-team/aurelien-paret-peintre,high,2026-06-30T00:00:00Z,2026-07-05T00:00:00Z
3644771b-9bd4-55ac-bd91-10defe60dff4,Nicolas Prodhomme,FRA,,unknown,https://www.letour.fr/en/rider/57/decathlon-cma-cgm-team/nicolas-prodhomme,high,2026-06-30T00:00:00Z,2026-07-05T00:00:00Z
70e3c3b3-ea1b-5984-beb2-e4ad06ead6b3,Matthew Riccitello,USA,,unknown,https://www.letour.fr/en/rider/58/decathlon-cma-cgm-team/matthew-riccitello,high,2026-06-30T00:00:00Z,2026-07-05T00:00:00Z
65661621-d9d6-5166-9956-10ee6ef115de,Sergio Higuita,COL,,unknown,https://www.letour.fr/en/rider/61/xds-astana-team/sergio-andres-higuita-garcia,high,2026-06-30T00:00:00Z,2026-07-05T00:00:00Z
4cc52875-39f6-5ef8-9198-932f79a99eac,Davide Ballerini,ITA,,unknown,https://www.letour.fr/en/rider/62/xds-astana-team/davide-ballerini,high,2026-06-30T00:00:00Z,2026-07-05T00:00:00Z
48e5fe13-802d-5622-8225-4fa54947c0d8,Aaron Murray Gate,NZL,,unknown,https://www.letour.fr/en/rider/63/xds-astana-team/aaron-murray-gate,high,2026-06-30T00:00:00Z,2026-07-05T00:00:00Z
403a2342-8e37-50cf-81be-efeb5bea34ab,Max Kanter,GER,,unknown,https://www.letour.fr/en/rider/64/xds-astana-team/max-kanter,high,2026-06-30T00:00:00Z,2026-07-05T00:00:00Z
5becbd99-8ef9-5e45-a971-a09ce03c2f11,Harold Tejada,COL,,unknown,https://www.letour.fr/en/rider/65/xds-astana-team/harold-tejada-canacue,high,2026-06-30T00:00:00Z,2026-07-05T00:00:00Z
05343dfa-56cf-5812-8916-9a0974094a21,Mike Teunissen,NED,,unknown,https://www.letour.fr/en/rider/66/xds-astana-team/mike-teunissen,high,2026-06-30T00:00:00Z,2026-07-05T00:00:00Z
a14aa4c5-6a04-5f82-81f9-7e87fd66dd24,Simone Velasco,ITA,,unknown,https://www.letour.fr/en/rider/67/xds-astana-team/simone-velasco,high,2026-06-30T00:00:00Z,2026-07-05T00:00:00Z
93e7b81c-ed93-596d-be16-b35b4586b88a,Nicolas Vinokurov,KAZ,,unknown,https://www.letour.fr/en/rider/68/xds-astana-team/nicolya-vinokurov,high,2026-06-30T00:00:00Z,2026-07-05T00:00:00Z
2e3c025a-44af-5bde-bdbd-91ac51b3b00b,Lenny Martinez,FRA,,unknown,https://www.letour.fr/en/rider/71/bahrain-victorious/lenny-martinez,high,2026-06-30T00:00:00Z,2026-07-05T00:00:00Z
9602fd53-2fca-5397-beb9-49c06bc31130,Phil Bauhaus,GER,,unknown,https://www.letour.fr/en/rider/72/bahrain-victorious/phil-bauhaus,high,2026-06-30T00:00:00Z,2026-07-05T00:00:00Z
d25c48fd-f9cf-58be-9d71-06cbcc3fe6ca,Damiano Caruso,ITA,,unknown,https://www.letour.fr/en/rider/73/bahrain-victorious/damiano-caruso,high,2026-06-30T00:00:00Z,2026-07-05T00:00:00Z
919c0489-9720-5e69-b8e5-3a50cf0c24c9,Kamil Gradek,POL,,unknown,https://www.letour.fr/en/rider/74/bahrain-victorious/kamil-gradek,high,2026-06-30T00:00:00Z,2026-07-05T00:00:00Z
7b4ed48f-d0b1-503a-aa13-f160b63f3ba0,Matej Mohorič,SLO,,unknown,https://www.letour.fr/en/rider/75/bahrain-victorious/matej-mohoric,high,2026-06-30T00:00:00Z,2026-07-05T00:00:00Z
532cced5-b9a6-55c7-bcef-32a9481e8f1f,Robert Stannard,AUS,,unknown,https://www.letour.fr/en/rider/76/bahrain-victorious/robert-stannard,high,2026-06-30T00:00:00Z,2026-07-05T00:00:00Z
b4333ee2-bdf5-59e3-8065-023becbc16e0,Antonio Tiberi,ITA,,unknown,https://www.letour.fr/en/rider/77/bahrain-victorious/antonio-tiberi,high,2026-06-30T00:00:00Z,2026-07-05T00:00:00Z
48389352-0d62-52f9-ade1-9c372cd6a14b,Vlad Van Mechelen,BEL,,unknown,https://www.letour.fr/en/rider/78/bahrain-victorious/vlad-van-mechelen,high,2026-06-30T00:00:00Z,2026-07-05T00:00:00Z
7471889b-86ed-59d5-9dc9-5b467cc0b42b,Egan Bernal,COL,,unknown,https://www.letour.fr/en/rider/81/netcompany-ineos-cycling-team/egan-bernal-gomez,high,2026-07-05T00:00:00Z,2026-07-05T00:00:00Z
d6816ca2-edbe-555b-af11-fedadd2d8daf,Thymen Arensman,NED,,unknown,https://www.letour.fr/en/rider/82/netcompany-ineos-cycling-team/thymen-arensman,high,2026-06-30T00:00:00Z,2026-07-05T00:00:00Z
977ba5f9-f329-56cd-8bdd-9ac44b7e149b,Tobias Foss,NOR,,unknown,https://www.letour.fr/en/rider/83/netcompany-ineos-cycling-team/tobias-svendsen-foss,high,2026-07-05T00:00:00Z,2026-07-05T00:00:00Z
77946d3e-250c-52f4-af44-d6ea05c2f57e,Filippo Ganna,ITA,,unknown,https://www.letour.fr/en/rider/84/netcompany-ineos-cycling-team/filippo-ganna,high,2026-06-30T00:00:00Z,2026-07-05T00:00:00Z
7adfbf0e-f66a-5b31-8949-3e5563fd69f4,Dorian Godon,FRA,,unknown,https://www.letour.fr/en/rider/85/netcompany-ineos-cycling-team/dorian-godon,high,2026-06-30T00:00:00Z,2026-07-05T00:00:00Z
6f4cbb71-d7e1-5bbb-aed4-4d4884aabe93,Michal Kwiatkowski,POL,,unknown,https://www.letour.fr/en/rider/86/netcompany-ineos-cycling-team/michal-kwiatkowski,high,2026-06-30T00:00:00Z,2026-07-05T00:00:00Z
ce85c60f-163a-5887-b99d-00fdc1e617b4,Joshua Tarling,GBR,,unknown,https://www.letour.fr/en/rider/87/netcompany-ineos-cycling-team/joshua-michael-tarling,high,2026-07-05T00:00:00Z,2026-07-05T00:00:00Z
2cc1972e-8505-5629-bebd-9e57076d4e94,Kévin Vauquelin,FRA,,unknown,https://www.letour.fr/en/rider/88/netcompany-ineos-cycling-team/kevin-vauquelin,high,2026-06-30T00:00:00Z,2026-07-05T00:00:00Z
a0b15cf2-0911-520b-bc76-93dc15c492a8,Tim Merlier,BEL,,unknown,https://www.letour.fr/en/rider/91/soudal-quick-step/tim-merlier,high,2026-06-30T00:00:00Z,2026-07-05T00:00:00Z
c121d43c-bc5d-5e3f-ae53-5865b83cbf01,Pascal Eenkhoorn,NED,,unknown,https://www.letour.fr/en/rider/92/soudal-quick-step/pascal-eenkhoorn,high,2026-07-05T00:00:00Z,2026-07-05T00:00:00Z
798b0cfe-46d3-5805-aee5-fef619bc44a9,Valentin Paret Peintre,FRA,,unknown,https://www.letour.fr/en/rider/93/soudal-quick-step/valentin-paret-peintre,high,2026-06-30T00:00:00Z,2026-07-05T00:00:00Z
048b471b-df59-5167-8893-3243277d7516,Jasper Stuyven,BEL,,unknown,https://www.letour.fr/en/rider/94/soudal-quick-step/jasper-stuyven,high,2026-06-30T00:00:00Z,2026-07-05T00:00:00Z
765b09ad-4bf9-505f-9038-b9c2be6990bb,Dylan van Baarle,NED,,unknown,https://www.letour.fr/en/rider/95/soudal-quick-step/dylan-van-baarle,high,2026-06-30T00:00:00Z,2026-07-05T00:00:00Z
b9cf7d17-3043-556a-9c7a-60a1a1549069,Bert Van Lerberghe,BEL,,unknown,https://www.letour.fr/en/rider/96/soudal-quick-step/bert-van-lerberghe,high,2026-06-30T00:00:00Z,2026-07-05T00:00:00Z
b75e3203-3a4d-51c2-8890-84597b6ff9d3,Ilan Van Wilder,BEL,,unknown,https://www.letour.fr/en/rider/97/soudal-quick-step/ilan-van-wilder,high,2026-06-30T00:00:00Z,2026-07-05T00:00:00Z
7b576fcb-0fbe-5ecf-b5ac-254b3190e49c,Louis Vervaeke,BEL,,unknown,https://www.letour.fr/en/rider/98/soudal-quick-step/louis-vervaeke,high,2026-06-30T00:00:00Z,2026-07-05T00:00:00Z
14d287c7-ba9a-5c6e-8f99-e15aed6d9b39,Mathieu van der Poel,NED,,unknown,https://www.letour.fr/en/rider/101/alpecin-premier-tech/mathieu-van-der-poel,high,2026-06-30T00:00:00Z,2026-07-05T00:00:00Z
38d43df3-2b14-5381-a0d9-a99950e533b2,Ramses Debruyne,BEL,,unknown,https://www.letour.fr/en/rider/102/alpecin-premier-tech/ramses-debruyne,high,2026-06-30T00:00:00Z,2026-07-05T00:00:00Z
36382174-dbfd-586d-b710-e6f5fda21952,Silvan Dillier,SUI,,unknown,https://www.letour.fr/en/rider/103/alpecin-premier-tech/silvan-dillier,high,2026-06-30T00:00:00Z,2026-07-05T00:00:00Z
17364d30-0e18-5696-9e49-bc6e4486f411,Tim Marsman,NED,,unknown,https://www.letour.fr/en/rider/104/alpecin-premier-tech/tim-marsman,high,2026-06-30T00:00:00Z,2026-07-05T00:00:00Z
999b6489-bc7a-5b3d-9cd4-e9108f8b9860,Jasper Philipsen,BEL,,unknown,https://www.letour.fr/en/rider/105/alpecin-premier-tech/jasper-philipsen,high,2026-06-30T00:00:00Z,2026-07-05T00:00:00Z
3cfd28d5-505c-533f-ad4d-50ebcc2a2ced,Edward Planckaert,BEL,,unknown,https://www.letour.fr/en/rider/106/alpecin-premier-tech/edward-planckaert,high,2026-06-30T00:00:00Z,2026-07-05T00:00:00Z
5ff084ff-b4a3-5d0c-a5cd-593be2c2fb3e,Jonas Rickaert,BEL,,unknown,https://www.letour.fr/en/rider/107/alpecin-premier-tech/jonas-rickaert,high,2026-06-30T00:00:00Z,2026-07-05T00:00:00Z
3ffc4761-8bfd-587a-acd5-cee1dee0abb0,Emiel Verstrynge,BEL,,unknown,https://www.letour.fr/en/rider/108/alpecin-premier-tech/emiel-verstrynge,high,2026-06-30T00:00:00Z,2026-07-05T00:00:00Z
8cb5330f-eabe-58d3-b6b0-7db18cf88d69,Ben O'Connor,AUS,,unknown,https://www.letour.fr/en/rider/111/team-jayco-alula/ben-alexander-o-connor,high,2026-06-30T00:00:00Z,2026-07-05T00:00:00Z
c72c0d8d-6dba-580a-ba68-06536ff4e82b,Pascal Ackermann,GER,,unknown,https://www.letour.fr/en/rider/112/team-jayco-alula/pascal-ackermann,high,2026-06-30T00:00:00Z,2026-07-05T00:00:00Z
db5e6f68-2205-57f1-a902-8ca2f5dde270,Luke Durbridge,AUS,,unknown,https://www.letour.fr/en/rider/113/team-jayco-alula/luke-durbridge,high,2026-06-30T00:00:00Z,2026-07-05T00:00:00Z
87529e45-6da3-5a09-977c-5e887ecf3953,Felix Engelhardt,GER,,unknown,https://www.letour.fr/en/rider/114/team-jayco-alula/felix-engelhardt,high,2026-06-30T00:00:00Z,2026-07-05T00:00:00Z
3a5bfceb-c04f-5333-bcdb-9442be1a0bdc,Michael Matthews,AUS,,unknown,https://www.letour.fr/en/rider/115/team-jayco-alula/michael-matthews,high,2026-06-30T00:00:00Z,2026-07-05T00:00:00Z
5ff66d29-e3b9-5fc9-afb6-d57dd2c842bd,Kelland O’Brien,AUS,,unknown,https://www.letour.fr/en/rider/116/team-jayco-alula/kelland-o-brien,high,2026-06-30T00:00:00Z,2026-07-05T00:00:00Z
599087be-aff4-5e92-9d52-4839dcf9238a,Luke Plapp,AUS,,unknown,https://www.letour.fr/en/rider/117/team-jayco-alula/lucas-plapp,high,2026-06-30T00:00:00Z,2026-07-05T00:00:00Z
fe9e9309-9e11-5a3d-8b3d-3a079f4e8236,Mauro Schmid,SUI,,unknown,https://www.letour.fr/en/rider/118/team-jayco-alula/mauro-schmid,high,2026-06-30T00:00:00Z,2026-07-05T00:00:00Z
1f86bd65-1d2e-574a-b0d5-b0dd23424ee4,Tobias Johannessen,NOR,,unknown,https://www.letour.fr/en/rider/121/uno-x-mobility/tobias-halland-johannessen,high,2026-06-30T00:00:00Z,2026-07-05T00:00:00Z
e09f1ad9-3053-502a-8750-1d4c695e627f,Jonas Abrahamsen,NOR,,unknown,https://www.letour.fr/en/rider/122/uno-x-mobility/jonas-abrahamsen,high,2026-06-30T00:00:00Z,2026-07-05T00:00:00Z
e7baff1e-4f4c-583a-a633-09846c501d72,Anthon Charmig,DEN,,unknown,https://www.letour.fr/en/rider/123/uno-x-mobility/anthon-charmig,high,2026-06-30T00:00:00Z,2026-07-05T00:00:00Z
b1045be9-3160-5830-8456-15698ec780d1,Magnus Cort Nielsen,DEN,,unknown,https://www.letour.fr/en/rider/124/uno-x-mobility/magnus-cort-nielsen,high,2026-06-30T00:00:00Z,2026-07-05T00:00:00Z
f743ddd5-4101-5114-9dad-581f75c794b0,Anders Johannessen,NOR,,unknown,https://www.letour.fr/en/rider/125/uno-x-mobility/anders-halland-johannessen,high,2026-06-30T00:00:00Z,2026-07-05T00:00:00Z
47409c13-050e-583c-a2e8-2b2e0b0f9b5b,Anders Skaarseth,NOR,,unknown,https://www.letour.fr/en/rider/126/uno-x-mobility/anders-skaarseth,high,2026-06-30T00:00:00Z,2026-07-05T00:00:00Z
4d79f507-cbfd-5085-a29c-cf96fd93f940,Torstein Træen,NOR,,unknown,https://www.letour.fr/en/rider/127/uno-x-mobility/torstein-traeen,high,2026-06-30T00:00:00Z,2026-07-05T00:00:00Z
b9311ed4-6e61-5ae2-85aa-73e59bb0f366,Soren Waerenskjold,NOR,,unknown,https://www.letour.fr/en/rider/128/uno-x-mobility/soeren-waerenskjold,high,2026-06-30T00:00:00Z,2026-07-05T00:00:00Z
3fd0273e-c2d6-5eef-9f26-ff0e7f9c577c,Biniam Girmay,ERI,,unknown,https://www.letour.fr/en/rider/131/nsn-cycling-team/biniam-girmay,high,2026-06-30T00:00:00Z,2026-07-05T00:00:00Z
9662afde-f80b-5b6a-8941-51cb94e657e7,Lewis Askey,GBR,,unknown,https://www.letour.fr/en/rider/132/nsn-cycling-team/lewis-askey,high,2026-06-30T00:00:00Z,2026-07-05T00:00:00Z
9f7c0df8-daca-5ddc-97d3-40fdab38ff60,George Bennett,NZL,,unknown,https://www.letour.fr/en/rider/133/nsn-cycling-team/george-bennett,high,2026-06-30T00:00:00Z,2026-07-05T00:00:00Z
2928ffcf-9fa4-5f1a-b46b-454acbfebfcb,Marco Frigo,ITA,,unknown,https://www.letour.fr/en/rider/134/nsn-cycling-team/marco-frigo,high,2026-06-30T00:00:00Z,2026-07-05T00:00:00Z
b1bd25af-b3ad-5932-92db-4de0613b53cc,Matis Louvel,FRA,,unknown,https://www.letour.fr/en/rider/135/nsn-cycling-team/matis-louvel,high,2026-06-30T00:00:00Z,2026-07-05T00:00:00Z
c1b7ba5b-b429-59a8-aa55-ed543759c468,Krists Neilands,LAT,,unknown,https://www.letour.fr/en/rider/136/nsn-cycling-team/krists-neilands,high,2026-06-30T00:00:00Z,2026-07-05T00:00:00Z
a4cd7712-478f-59d0-bbb9-a2cea2efada3,Jake Stewart,GBR,,unknown,https://www.letour.fr/en/rider/137/nsn-cycling-team/thomas-jake-stewart,high,2026-06-30T00:00:00Z,2026-07-05T00:00:00Z
db994ff6-e033-59d9-9f4e-34c974bc8784,Tom Van Asbroeck,BEL,,unknown,https://www.letour.fr/en/rider/138/nsn-cycling-team/tom-van-asbroeck,high,2026-06-30T00:00:00Z,2026-07-05T00:00:00Z
ba5926d0-ed5d-5701-86ae-aefac9a975c0,Cian Uijtdebroeks,BEL,,unknown,https://www.letour.fr/en/rider/141/movistar-team/cian-uijtdebroeks,high,2026-06-30T00:00:00Z,2026-07-05T00:00:00Z
80a6e038-e0f4-5a4d-a9e2-aed5c448c6a5,Pablo Castrillo,ESP,,unknown,https://www.letour.fr/en/rider/142/movistar-team/pablo-castrillo-zapater,high,2026-06-30T00:00:00Z,2026-07-05T00:00:00Z
a582c6d4-b548-5b9c-9587-e702fd14c312,Jefferson Cepeda,ECU,,unknown,https://www.letour.fr/en/rider/143/movistar-team/jefferson-cepeda,high,2026-07-05T00:00:00Z,2026-07-05T00:00:00Z
983575b3-eafb-5132-a7ce-92edd8e08de7,Raul Garcia,ESP,,unknown,https://www.letour.fr/en/rider/144/movistar-team/raul-garcia-pierna,high,2026-07-05T00:00:00Z,2026-07-05T00:00:00Z
be02dc0a-a0ab-55dd-95ac-c75eec4e4006,Michel Heßmann,GER,,unknown,https://www.letour.fr/en/rider/145/movistar-team/michel-hessmann,high,2026-07-05T00:00:00Z,2026-07-05T00:00:00Z
2e5d1fc5-c08a-5bd5-8091-b02f4cdbded4,Nelson Oliveira,POR,,unknown,https://www.letour.fr/en/rider/146/movistar-team/nelson-oliveira,high,2026-07-05T00:00:00Z,2026-07-05T00:00:00Z
441831d1-c1b1-55ee-ad41-1508ebab3255,Javier Romo,ESP,,unknown,https://www.letour.fr/en/rider/147/movistar-team/javier-romo-oliver,high,2026-07-05T00:00:00Z,2026-07-05T00:00:00Z
54a2b472-f37d-59cd-a932-5d3de6af02bc,Einer Rubio,COL,,unknown,https://www.letour.fr/en/rider/148/movistar-team/einer-augusto-rubio-reyes,high,2026-06-30T00:00:00Z,2026-07-05T00:00:00Z
5a2248a9-0387-5da7-b6b0-4e69e3aee972,Arnaud De Lie,BEL,,unknown,https://www.letour.fr/en/rider/151/lotto-intermarche/arnaud-de-lie,high,2026-06-30T00:00:00Z,2026-07-05T00:00:00Z
b35250ba-2779-56d4-8744-9adf3fd4d2d7,Huub Artz,NED,,unknown,https://www.letour.fr/en/rider/152/lotto-intermarche/huub-artz,high,2026-06-30T00:00:00Z,2026-07-05T00:00:00Z
e3c0eb7d-e6f8-5f63-9f05-21e50e33d578,Jenno Berckmoes,BEL,,unknown,https://www.letour.fr/en/rider/153/lotto-intermarche/jenno-berckmoes,high,2026-06-30T00:00:00Z,2026-07-05T00:00:00Z
161ec369-3663-52b0-9f1b-a99e6b11bb5d,Lars Craps,BEL,,unknown,https://www.letour.fr/en/rider/154/lotto-intermarche/lars-craps,high,2026-06-30T00:00:00Z,2026-07-05T00:00:00Z
72965280-79b2-5da8-8a03-118ee5a0d700,Liam Slock,BEL,,unknown,https://www.letour.fr/en/rider/155/lotto-intermarche/liam-slock,high,2026-06-30T00:00:00Z,2026-07-05T00:00:00Z
d3b9a75e-b409-5584-be3c-4a6e6b19934a,Lennert Van Eetvelt,BEL,,unknown,https://www.letour.fr/en/rider/156/lotto-intermarche/lennert-van-eetvelt,high,2026-06-30T00:00:00Z,2026-07-05T00:00:00Z
fc5329a0-e4ff-5e86-8944-254c6116cf42,Baptiste Veistroffer,FRA,,unknown,https://www.letour.fr/en/rider/157/lotto-intermarche/baptiste-veistroffer,high,2026-06-30T00:00:00Z,2026-07-05T00:00:00Z
8694de12-5bd7-5d2a-8eca-b3fec3605082,Georg Zimmermann,GER,,unknown,https://www.letour.fr/en/rider/158/lotto-intermarche/georg-zimmermann,high,2026-06-30T00:00:00Z,2026-07-05T00:00:00Z
e8c362af-be19-5be0-8508-a4fa6b47e5d4,Ion Izagirre,ESP,,unknown,https://www.letour.fr/en/rider/161/cofidis/ion-izagirre-insausti,high,2026-06-30T00:00:00Z,2026-07-05T00:00:00Z
08723aeb-4e5d-55c9-9cc8-01035f0eb484,Piet Allegaert,BEL,,unknown,https://www.letour.fr/en/rider/162/cofidis/piet-allegaert,high,2026-06-30T00:00:00Z,2026-07-05T00:00:00Z
054e27c6-c455-5cc4-9f13-d6efa31f7921,Alex Aranburu,ESP,,unknown,https://www.letour.fr/en/rider/163/cofidis/alex-aranburu-deva,high,2026-06-30T00:00:00Z,2026-07-05T00:00:00Z
38121f5a-1342-55f5-be69-2cb31d4a9d50,Jenthe Biermans,BEL,,unknown,https://www.letour.fr/en/rider/164/cofidis/jenthe-biermans,high,2026-06-30T00:00:00Z,2026-07-05T00:00:00Z
2b5682f6-6767-53ad-bf81-3b40b0eafef6,Milan Fretin,BEL,,unknown,https://www.letour.fr/en/rider/165/cofidis/milan-fretin,high,2026-06-30T00:00:00Z,2026-07-05T00:00:00Z
c84cf5c6-510d-5d04-a8c3-ce4a31d9b2ce,Alex Kirsch,LUX,,unknown,https://www.letour.fr/en/rider/166/cofidis/alex-kirsch,high,2026-06-30T00:00:00Z,2026-07-05T00:00:00Z
9f90c5d3-1438-5b33-a00e-7fb43545f0c6,Hugo Page,FRA,,unknown,https://www.letour.fr/en/rider/167/cofidis/hugo-page,high,2026-06-30T00:00:00Z,2026-07-05T00:00:00Z
abfa5a32-268d-5de5-a27b-f927cdea78a1,Benjamin Thomas,FRA,,unknown,https://www.letour.fr/en/rider/168/cofidis/benjamin-thomas,high,2026-06-30T00:00:00Z,2026-07-05T00:00:00Z
16b1ee60-1fbd-5b74-92e2-e7fe945d4073,Tom Pidcock,GBR,,unknown,https://www.letour.fr/en/rider/171/pinarello-q36-5-pro-cycling-team/tom-pidcock,high,2026-06-30T00:00:00Z,2026-07-05T00:00:00Z
5fc831d8-58de-58c1-8e30-d272306aa32f,Xabier Azparren Irurzun,ESP,,unknown,https://www.letour.fr/en/rider/172/pinarello-q36-5-pro-cycling-team/xabier-azparren-irurzun,high,2026-07-05T00:00:00Z,2026-07-05T00:00:00Z
eae83bb6-52b5-5ea8-92a4-9675fa342f02,Christopher Harper,AUS,,unknown,https://www.letour.fr/en/rider/173/pinarello-q36-5-pro-cycling-team/christopher-harper,high,2026-07-05T00:00:00Z,2026-07-05T00:00:00Z
4f1666f6-ea57-5d30-9e07-6a73c10e5e39,Quinten Hermans,BEL,,unknown,https://www.letour.fr/en/rider/174/pinarello-q36-5-pro-cycling-team/quinten-hermans,high,2026-06-30T00:00:00Z,2026-07-05T00:00:00Z
6a90fb01-fc8d-5c7d-8dc3-f9110310039c,Damien Craig Howson,AUS,,unknown,https://www.letour.fr/en/rider/175/pinarello-q36-5-pro-cycling-team/damien-craig-howson,high,2026-07-05T00:00:00Z,2026-07-05T00:00:00Z
f94284ee-a644-55b4-bf5d-94a2d3cb314b,Xandro Meurisse,BEL,,unknown,https://www.letour.fr/en/rider/176/pinarello-q36-5-pro-cycling-team/xandro-meurisse,high,2026-07-05T00:00:00Z,2026-07-05T00:00:00Z
560ea2e7-ea3f-5209-8b20-b1a081fae508,Brent Van Moer,BEL,,unknown,https://www.letour.fr/en/rider/177/pinarello-q36-5-pro-cycling-team/brent-van-moer,high,2026-07-05T00:00:00Z,2026-07-05T00:00:00Z
15a2f6ef-0a9f-5498-ad6e-5fcee8ac5668,Fred Wright,GBR,,unknown,https://www.letour.fr/en/rider/178/pinarello-q36-5-pro-cycling-team/alfred-brockwell-wright,high,2026-06-30T00:00:00Z,2026-07-05T00:00:00Z
262fc7c9-0161-525f-a06e-e97029a5cd56,Romain Grégoire,FRA,,unknown,https://www.letour.fr/en/rider/181/groupama-fdj-united/romain-gregoire,high,2026-06-30T00:00:00Z,2026-07-05T00:00:00Z
98c6c402-8279-5fd8-8c39-4ce09692b5be,Clément Berthet,FRA,,unknown,https://www.letour.fr/en/rider/182/groupama-fdj-united/clement-berthet,high,2026-06-30T00:00:00Z,2026-07-05T00:00:00Z
45867e91-cd61-5189-af56-84c2ec3e85ef,Clément Braz Afonso,FRA,,unknown,https://www.letour.fr/en/rider/183/groupama-fdj-united/clement-braz-afonso,high,2026-06-30T00:00:00Z,2026-07-05T00:00:00Z
13d9f9b1-2a84-5049-be9a-eba1b70e4112,Ewen Costiou,FRA,,unknown,https://www.letour.fr/en/rider/184/groupama-fdj-united/ewen-costiou,high,2026-06-30T00:00:00Z,2026-07-05T00:00:00Z
82501024-2eae-58ad-a1ab-9cbebd57d3fb,Lorenzo Germani,ITA,,unknown,https://www.letour.fr/en/rider/185/groupama-fdj-united/lorenzo-germani,high,2026-06-30T00:00:00Z,2026-07-05T00:00:00Z
d9d5f4a3-63ac-538b-b5cb-6f5acaec3faf,Guillaume Martin Guyonnet,FRA,,unknown,https://www.letour.fr/en/rider/186/groupama-fdj-united/guillaume-martin-guyonnet,high,2026-06-30T00:00:00Z,2026-07-05T00:00:00Z
e860a231-a46e-5d7b-bf16-e79de19e6db4,Quentin Pacher,FRA,,unknown,https://www.letour.fr/en/rider/187/groupama-fdj-united/quentin-pacher,high,2026-06-30T00:00:00Z,2026-07-05T00:00:00Z
a650c970-451d-5e46-931f-eac574e3a3fd,Clément Russo,FRA,,unknown,https://www.letour.fr/en/rider/188/groupama-fdj-united/clement-russo,high,2026-06-30T00:00:00Z,2026-07-05T00:00:00Z
a631d0ba-bfac-5d37-af79-c9ecf9313f95,Julian Alaphilippe,FRA,,unknown,https://www.letour.fr/en/rider/191/tudor-pro-cycling-team/julian-alaphilippe,high,2026-06-30T00:00:00Z,2026-07-05T00:00:00Z
c8207ae8-22e0-57f4-9bbb-44bcb397ac63,Arvid de Kleijn,NED,,unknown,https://www.letour.fr/en/rider/192/tudor-pro-cycling-team/arvid-de-kleijn,high,2026-06-30T00:00:00Z,2026-07-05T00:00:00Z
f5cdb578-bf85-5bf7-abdb-7feb3f3f9f62,Marco Haller,AUT,,unknown,https://www.letour.fr/en/rider/193/tudor-pro-cycling-team/marco-haller,high,2026-06-30T00:00:00Z,2026-07-05T00:00:00Z
d15f5822-b4aa-57b0-a2a5-450e1225d19b,Marc Hirschi,SUI,,unknown,https://www.letour.fr/en/rider/194/tudor-pro-cycling-team/marc-hirschi,high,2026-06-30T00:00:00Z,2026-07-05T00:00:00Z
d4911b26-5c89-53f0-98f9-5bcaf6dbdda4,Rick Pluimers,NED,,unknown,https://www.letour.fr/en/rider/195/tudor-pro-cycling-team/rick-pluimers,high,2026-06-30T00:00:00Z,2026-07-05T00:00:00Z
e91251cb-5a0f-5035-a96e-3f2fe288c7b6,Michael Storer,AUS,,unknown,https://www.letour.fr/en/rider/196/tudor-pro-cycling-team/michael-storer,high,2026-06-30T00:00:00Z,2026-07-05T00:00:00Z
58b7bebb-c6ad-500b-b56f-a321c9a154ef,Matteo Trentin,ITA,,unknown,https://www.letour.fr/en/rider/197/tudor-pro-cycling-team/matteo-trentin,high,2026-06-30T00:00:00Z,2026-07-05T00:00:00Z
5ed72848-deae-5543-907e-881dd7a93e1d,Yannis Voisard,SUI,,unknown,https://www.letour.fr/en/rider/198/tudor-pro-cycling-team/yannis-voisard,high,2026-06-30T00:00:00Z,2026-07-05T00:00:00Z
d37be1f2-1d19-5f91-bd1e-bbb23c91ecbd,Jordan Jegat,FRA,,unknown,https://www.letour.fr/en/rider/201/totalenergies/jordan-jegat,high,2026-06-30T00:00:00Z,2026-07-05T00:00:00Z
48a27671-db14-5e6e-92fd-992ddbd99b4d,Nicolas Breuillard,FRA,,unknown,https://www.letour.fr/en/rider/202/totalenergies/nicolas-breuillard,high,2026-06-30T00:00:00Z,2026-07-05T00:00:00Z
27eae15f-a1e7-5418-8cf9-cbc82975ae92,Joris Delbove,FRA,,unknown,https://www.letour.fr/en/rider/203/totalenergies/joris-delbove,high,2026-06-30T00:00:00Z,2026-07-05T00:00:00Z
2722f6ef-edbb-5666-b6fd-3bb53e023fa4,Alexandre Delettre,FRA,,unknown,https://www.letour.fr/en/rider/204/totalenergies/alexandre-delettre,high,2026-06-30T00:00:00Z,2026-07-05T00:00:00Z
da58d77d-00f8-526f-a70f-8a3abafead27,Thibault Guernalec,FRA,,unknown,https://www.letour.fr/en/rider/205/totalenergies/thibault-guernalec,high,2026-06-30T00:00:00Z,2026-07-05T00:00:00Z
f7d7f674-1b36-53ef-8ad9-4f2dd7e9532a,Mathis Le Berre,FRA,,unknown,https://www.letour.fr/en/rider/206/totalenergies/mathis-le-berre,high,2026-06-30T00:00:00Z,2026-07-05T00:00:00Z
15a93de2-983e-55c8-b153-c204eb3e97cc,Anthony Turgis,FRA,,unknown,https://www.letour.fr/en/rider/207/totalenergies/anthony-turgis,high,2026-06-30T00:00:00Z,2026-07-05T00:00:00Z
1cbe7ffe-8220-5a63-b97e-03e977751a25,Mattéo Vercher,FRA,,unknown,https://www.letour.fr/en/rider/208/totalenergies/matteo-vercher,high,2026-06-30T00:00:00Z,2026-07-05T00:00:00Z
c02fffc2-bb51-53ae-af93-d666b65ee6ae,Warren Barguil,FRA,,unknown,https://www.letour.fr/en/rider/211/team-picnic-postnl/warren-barguil,high,2026-06-30T00:00:00Z,2026-07-05T00:00:00Z
249b7766-f897-5b1c-aeb4-7f47792242fc,Frits Biesterbos,NED,,unknown,https://www.letour.fr/en/rider/212/team-picnic-postnl/frits-biesterbos,high,2026-06-30T00:00:00Z,2026-07-05T00:00:00Z
edda09e4-fc88-5f2c-8ad5-2a9e589475a2,Pavel Bittner,CZE,,unknown,https://www.letour.fr/en/rider/213/team-picnic-postnl/pavel-bittner,high,2026-06-30T00:00:00Z,2026-07-05T00:00:00Z
d32f980e-d638-5d60-9703-d74f033345f0,John Degenkolb,GER,,unknown,https://www.letour.fr/en/rider/214/team-picnic-postnl/john-degenkolb,high,2026-06-30T00:00:00Z,2026-07-05T00:00:00Z
cad05284-cc48-51dd-883c-249a9de693b6,Robbe Dhondt,BEL,,unknown,https://www.letour.fr/en/rider/215/team-picnic-postnl/robbe-dhondt,high,2026-06-30T00:00:00Z,2026-07-05T00:00:00Z
f1f42bda-d752-5628-b432-dbb6a559b596,Niklas Märkl,GER,,unknown,https://www.letour.fr/en/rider/216/team-picnic-postnl/niklas-maerkl,high,2026-06-30T00:00:00Z,2026-07-05T00:00:00Z
77f87312-f5e1-5a71-a7f5-5ece860bf89b,Julius van den Berg,NED,,unknown,https://www.letour.fr/en/rider/217/team-picnic-postnl/julius-van-den-berg,high,2026-06-30T00:00:00Z,2026-07-05T00:00:00Z
3183cf19-1071-5ce1-b0ca-f7908d784930,Frank van den Broek,NED,,unknown,https://www.letour.fr/en/rider/218/team-picnic-postnl/frank-van-den-broek,high,2026-06-30T00:00:00Z,2026-07-05T00:00:00Z
ddf25603-e7aa-59d2-b465-8b062a4c8978,Fernando Gaviria,COL,,unknown,https://www.letour.fr/en/rider/221/caja-rural-seguros-rga/fernando-gaviria-rendon,high,2026-06-30T00:00:00Z,2026-07-05T00:00:00Z
cbb1a9b6-854f-55a2-b4b8-bb5897bfd81d,Abel Balderstone,ESP,,unknown,https://www.letour.fr/en/rider/222/caja-rural-seguros-rga/abel-balderstone-roumens,high,2026-06-30T00:00:00Z,2026-07-05T00:00:00Z
71b158db-f0a9-5cca-b529-cc2f7a22c048,Sebastian Berwick,AUS,,unknown,https://www.letour.fr/en/rider/223/caja-rural-seguros-rga/sebastian-berwick,high,2026-06-30T00:00:00Z,2026-07-05T00:00:00Z
3e6f05bb-47d5-5b8b-b266-3a063b588f60,Alex Molenaar,NED,,unknown,https://www.letour.fr/en/rider/224/caja-rural-seguros-rga/alex-molenaar,high,2026-06-30T00:00:00Z,2026-07-05T00:00:00Z
11e8f2d7-7c25-528d-898d-45f993b52d8c,Joel Nicolau,ESP,,unknown,https://www.letour.fr/en/rider/225/caja-rural-seguros-rga/joel-nicolau-beltran,high,2026-06-30T00:00:00Z,2026-07-05T00:00:00Z
df15be7c-4133-5579-94f7-a72e7382b496,Stefano Oldani,ITA,,unknown,https://www.letour.fr/en/rider/226/caja-rural-seguros-rga/stefano-oldani,high,2026-06-30T00:00:00Z,2026-07-05T00:00:00Z
11707a50-adfd-5132-8771-a59a2e6a6954,Jakub Otruba,CZE,,unknown,https://www.letour.fr/en/rider/227/caja-rural-seguros-rga/jakub-otruba,high,2026-06-30T00:00:00Z,2026-07-05T00:00:00Z
b3cb89fc-e531-5ce8-add7-f56526a0c9e6,José Félix Parra,ESP,,unknown,https://www.letour.fr/en/rider/228/caja-rural-seguros-rga/jose-felix-parra-cuerda,high,2026-06-30T00:00:00Z,2026-07-05T00:00:00Z
